{"cameraMode":{"drawMode":0,"name":"Shaded","section":"Shading Mode"},"sceneLighting":false,"audioPlay":false,"sceneViewState":{"m_AlwaysRefresh":false,"showFog":true,"showSkybox":false,"showFlares":true,"showImageEffects":true,"showParticleSystems":true,"showVisualEffectGraphs":true,"m_FxEnabled":true},"in2DMode":false,"pivot":{"x":141.42213439941407,"y":132.41824340820313,"z":311.61956787109377},"rotation":{"x":0.2741590142250061,"y":0.02429080940783024,"z":-0.006920648738741875,"w":0.9613400101661682},"size":391.3179016113281,"orthographic":false}